images,objects,likes
https://instagram.fcta1-1.fna.fbcdn.net/v/t51.2885-15/sh0.08/e35/s640x640/21480272_123087115084651_2802602053405245440_n.jpg?_nc_ht=instagram.fcta1-1.fna.fbcdn.net&_nc_cat=107&_nc_ohc=-6fKwttXtMEAX_0msYP&oh=0190b10751f603402c7abca36d174e8a&oe=5F96AA80&ig_cache_key=MTU5OTUyODUyMjkwNzU0MzU2MQ%3D%3D.2,person,25
https://instagram.fcta1-1.fna.fbcdn.net/v/t51.2885-15/sh0.08/e35/p640x640/18444704_1933394483584058_1277567464196014080_n.jpg?_nc_ht=instagram.fcta1-1.fna.fbcdn.net&_nc_cat=102&_nc_ohc=X3oC0c7t8NwAX8YtAve&oh=d2776efecad2bf04b715a0771816c884&oe=5F95D2AB&ig_cache_key=MTUxMzg1MDAzMDYzMTQzOTUzMg%3D%3D.2,person,26
https://instagram.fcta1-1.fna.fbcdn.net/v/t51.2885-15/sh0.08/e35/s640x640/20902112_352858568484079_9183929982081040384_n.jpg?_nc_ht=instagram.fcta1-1.fna.fbcdn.net&_nc_cat=107&_nc_ohc=TIgjXmfAaK4AX8Z1HKn&oh=9e5e0ee4e40ca8cfcd7182d1bc002049&oe=5F949676&ig_cache_key=MTU4NDI2MzE2OTYwNDQyNzgxNA%3D%3D.2,person,26
https://instagram.fcta1-1.fna.fbcdn.net/v/t51.2885-15/sh0.08/e35/s640x640/18382127_459634361037305_7901784512244219904_n.jpg?_nc_ht=instagram.fcta1-1.fna.fbcdn.net&_nc_cat=105&_nc_ohc=-G4ZEPHTE-oAX9o5r5s&oh=4681a4ca80cdefc7ff3252fd120583c8&oe=5F945B14&ig_cache_key=MTUxMDMyMzExNzcwNzI3NTE1OA%3D%3D.2,bed,27
https://instagram.fcta1-1.fna.fbcdn.net/v/t51.2885-15/sh0.08/e35/s640x640/65641927_2486868371548772_1408963790592437092_n.jpg?_nc_ht=instagram.fcta1-1.fna.fbcdn.net&_nc_cat=108&_nc_ohc=aZUu0mNtOZ4AX8EWb3c&oh=123dea771c835275329b1563bb9a7e80&oe=5F9344BA&ig_cache_key=MjA4NDM2NzY4NTgwMzYwMjMwOQ%3D%3D.2,bed,29
https://instagram.fcta1-1.fna.fbcdn.net/v/t51.2885-15/sh0.08/e35/p640x640/19051691_329944597438388_8109504515251634176_n.jpg?_nc_ht=instagram.fcta1-1.fna.fbcdn.net&_nc_cat=108&_nc_ohc=NNZhYr0fX2AAX95lbpl&oh=bc7db5787d0c43cf18fb3d82379d6e90&oe=5F931A04&ig_cache_key=MTUzNDA5NDk4NjE3MjM2NDU3NQ%3D%3D.2,dog,34
https://instagram.fcta1-1.fna.fbcdn.net/v/t51.2885-15/sh0.08/e35/p640x640/19051691_329944597438388_8109504515251634176_n.jpg?_nc_ht=instagram.fcta1-1.fna.fbcdn.net&_nc_cat=108&_nc_ohc=NNZhYr0fX2AAX95lbpl&oh=bc7db5787d0c43cf18fb3d82379d6e90&oe=5F931A04&ig_cache_key=MTUzNDA5NDk4NjE3MjM2NDU3NQ%3D%3D.2,cat,34
https://instagram.fcta1-1.fna.fbcdn.net/v/t51.2885-15/sh0.08/e35/s640x640/71520050_395689084672225_3131648377602159177_n.jpg?_nc_ht=instagram.fcta1-1.fna.fbcdn.net&_nc_cat=101&_nc_ohc=5Q73JEI3z98AX_ah6Qf&oh=e04355d9b11476d1bbc2a0b697bf96e4&oe=5F94943B&ig_cache_key=MjE2NTQxNzU0MzEyOTQ2MjkxMw%3D%3D.2,person,34
https://instagram.fcta1-1.fna.fbcdn.net/v/t51.2885-15/sh0.08/e35/s640x640/74656346_1056327788032063_693913950046519485_n.jpg?_nc_ht=instagram.fcta1-1.fna.fbcdn.net&_nc_cat=107&_nc_ohc=FHZY_U-BvVoAX-oRmfH&oh=21d7721f164148df706d0e8ee8c5f9a4&oe=5F968FF4&ig_cache_key=MjE4NTEyMDU0Mzk3NzE1ODgxNQ%3D%3D.2,person,35
https://instagram.fcta1-1.fna.fbcdn.net/v/t51.2885-15/e35/83066513_177028997023755_8678726168992535666_n.jpg?_nc_ht=instagram.fcta1-1.fna.fbcdn.net&_nc_cat=103&_nc_ohc=gH2epoLXCooAX-OC4r0&_nc_tp=18&oh=65704dea31b1bc0ca4f85de19ea8abca&oe=5F96676F&ig_cache_key=MjIxNTQ0OTA3NDE5OTk1NTg2Ng%3D%3D.2,person,36
https://instagram.fcta1-1.fna.fbcdn.net/v/t51.2885-15/sh0.08/e35/p640x640/27893995_419573411809560_2227284999353139200_n.jpg?_nc_ht=instagram.fcta1-1.fna.fbcdn.net&_nc_cat=100&_nc_ohc=C4zMOF9yo4UAX-Arw8U&oh=facee7ff2b2613c636445c48a1528495&oe=5F959990&ig_cache_key=MTcyMTExMzAxMjc3MDczMDIyNg%3D%3D.2,umbrella,36
https://instagram.fcta1-1.fna.fbcdn.net/v/t51.2885-15/sh0.08/e35/p640x640/27893995_419573411809560_2227284999353139200_n.jpg?_nc_ht=instagram.fcta1-1.fna.fbcdn.net&_nc_cat=100&_nc_ohc=C4zMOF9yo4UAX-Arw8U&oh=facee7ff2b2613c636445c48a1528495&oe=5F959990&ig_cache_key=MTcyMTExMzAxMjc3MDczMDIyNg%3D%3D.2,person,36
https://instagram.fcta1-1.fna.fbcdn.net/v/t51.2885-15/sh0.08/e35/s640x640/71597228_579221872851712_6530142092801522862_n.jpg?_nc_ht=instagram.fcta1-1.fna.fbcdn.net&_nc_cat=104&_nc_ohc=pnaTRYTFBegAX9pmjvo&oh=5947a757f770b617ef24ca5c841de069&oe=5F9443A5&ig_cache_key=MjE4MDA0OTQ1MjU4NTczODU3MQ%3D%3D.2,person,37
https://instagram.fcta1-1.fna.fbcdn.net/v/t51.2885-15/sh0.08/e35/p640x640/83627188_101785678047411_6331490869048874918_n.jpg?_nc_ht=instagram.fcta1-1.fna.fbcdn.net&_nc_cat=103&_nc_ohc=ocwj7A3_DOwAX9gAjY3&oh=a1999cc6863132b8ac912c99e9090ccb&oe=5F92D65B&ig_cache_key=MjI0NTk3MTgyMjA2NDExMDY2MQ%3D%3D.2,person,37
https://instagram.fcta1-1.fna.fbcdn.net/v/t51.2885-15/sh0.08/e35/p640x640/119076936_125588715632799_3232821121914526557_n.jpg?_nc_ht=instagram.fcta1-1.fna.fbcdn.net&_nc_cat=103&_nc_ohc=9AmqcwPdDzEAX_2mKBM&oh=b3966838ee2091c46faf6476758ab5c2&oe=5F968F27&ig_cache_key=MjM5NjUwNDk0NzM5NjA4MDM0Nw%3D%3D.2,car,39
https://instagram.fcta1-1.fna.fbcdn.net/v/t51.2885-15/sh0.08/e35/p640x640/66391287_147001636482077_1496180228409059082_n.jpg?_nc_ht=instagram.fcta1-1.fna.fbcdn.net&_nc_cat=105&_nc_ohc=nixOwqJy50QAX_ohhxC&oh=faf71ecb051d7b5417b231cdde7108ba&oe=5F94DEFF&ig_cache_key=MjA5MDcwMDc4Nzc5NDgxMzQ1MA%3D%3D.2,dog,39
https://instagram.fcta1-1.fna.fbcdn.net/v/t51.2885-15/sh0.08/e35/p640x640/119438820_1756977334467087_4669431608728923347_n.jpg?_nc_ht=instagram.fcta1-1.fna.fbcdn.net&_nc_cat=103&_nc_ohc=a5_XcWtMI0gAX-FJ0ch&oh=b71f156cd58808cb11b16c87d5160fbe&oe=5F92C95B&ig_cache_key=MjM5ODg2MTkyMDQyMjc4NjYzMQ%3D%3D.2,person,40
https://instagram.fcta1-1.fna.fbcdn.net/v/t51.2885-15/sh0.08/e35/p640x640/66480926_487470291814912_5936178057897808436_n.jpg?_nc_ht=instagram.fcta1-1.fna.fbcdn.net&_nc_cat=104&_nc_ohc=d_HNKv0_P-0AX_N-EIa&oh=0c6becac2ba84539d5d07d3691e602f3&oe=5F94CF81&ig_cache_key=MjEwODA3NDQwMDQ2MjAzNDYwNg%3D%3D.2,person,41
https://instagram.fcta1-1.fna.fbcdn.net/v/t51.2885-15/sh0.08/e35/p640x640/81039280_3922220257796118_5238726327383109340_n.jpg?_nc_ht=instagram.fcta1-1.fna.fbcdn.net&_nc_cat=106&_nc_ohc=fE9d7W_b03kAX8NkOjZ&oh=de801e115c3a6318e782e595e46c7b02&oe=5F93477C&ig_cache_key=MjIxOTg4ODc1MzUwNjMyMDAwMA%3D%3D.2,cell phone,42
https://instagram.fcta1-1.fna.fbcdn.net/v/t51.2885-15/sh0.08/e35/p640x640/81039280_3922220257796118_5238726327383109340_n.jpg?_nc_ht=instagram.fcta1-1.fna.fbcdn.net&_nc_cat=106&_nc_ohc=fE9d7W_b03kAX8NkOjZ&oh=de801e115c3a6318e782e595e46c7b02&oe=5F93477C&ig_cache_key=MjIxOTg4ODc1MzUwNjMyMDAwMA%3D%3D.2,person,42
https://instagram.fcta1-1.fna.fbcdn.net/v/t51.2885-15/sh0.08/e35/s640x640/98425516_914995372314461_1100677554701814337_n.jpg?_nc_ht=instagram.fcta1-1.fna.fbcdn.net&_nc_cat=105&_nc_ohc=eT6CRBa6r7kAX_TFuDo&oh=4e00e243f82a7d43dec0a377dcb1cd9d&oe=5F94ADA6&ig_cache_key=MjMxMzE3Njc2NTk1NjE3NzkyMA%3D%3D.2,person,43
https://instagram.fcta1-1.fna.fbcdn.net/v/t51.2885-15/sh0.08/e35/s640x640/118649124_710571726201936_1028885176688722363_n.jpg?_nc_ht=instagram.fcta1-1.fna.fbcdn.net&_nc_cat=100&_nc_ohc=hZbBQ9bCY9EAX-SD_AC&oh=11c0ece19d067c29f27dca1a7a8e8490&oe=5F94F63A&ig_cache_key=MjM4ODY4ODM4MjY0MjQxMDYzNQ%3D%3D.2,person,44
https://instagram.fcta1-1.fna.fbcdn.net/v/t51.2885-15/sh0.08/e35/p640x640/71146722_251669329070130_5102784505887189561_n.jpg?_nc_ht=instagram.fcta1-1.fna.fbcdn.net&_nc_cat=106&_nc_ohc=4sOdbToNK24AX98tLZJ&oh=24fd26894e8c85a343921e215c1ec0ad&oe=5F956DAB&ig_cache_key=MjE0ODY1MzQzODgwNjgxODEwNg%3D%3D.2,person,44
https://instagram.fcta1-1.fna.fbcdn.net/v/t51.2885-15/sh0.08/e35/p640x640/71146722_251669329070130_5102784505887189561_n.jpg?_nc_ht=instagram.fcta1-1.fna.fbcdn.net&_nc_cat=106&_nc_ohc=4sOdbToNK24AX98tLZJ&oh=24fd26894e8c85a343921e215c1ec0ad&oe=5F956DAB&ig_cache_key=MjE0ODY1MzQzODgwNjgxODEwNg%3D%3D.2,umbrella,44
https://instagram.fcta1-1.fna.fbcdn.net/v/t51.2885-15/e35/75553970_1894724367325130_5621882103699147220_n.jpg?_nc_ht=instagram.fcta1-1.fna.fbcdn.net&_nc_cat=102&_nc_ohc=1m1jh6RguZsAX-fxD9E&_nc_tp=18&oh=82762490fdcc060c2e15ad67727010d0&oe=5F9532D7&ig_cache_key=MjE5NTI2Mzc3MTM1OTMzNzMxNg%3D%3D.2,person,45
https://instagram.fcta1-1.fna.fbcdn.net/v/t51.2885-15/e35/75553970_1894724367325130_5621882103699147220_n.jpg?_nc_ht=instagram.fcta1-1.fna.fbcdn.net&_nc_cat=102&_nc_ohc=1m1jh6RguZsAX-fxD9E&_nc_tp=18&oh=82762490fdcc060c2e15ad67727010d0&oe=5F9532D7&ig_cache_key=MjE5NTI2Mzc3MTM1OTMzNzMxNg%3D%3D.2,car,45
https://instagram.fcta1-1.fna.fbcdn.net/v/t51.2885-15/sh0.08/e35/s640x640/75312601_760101964430517_4145774175070167141_n.jpg?_nc_ht=instagram.fcta1-1.fna.fbcdn.net&_nc_cat=109&_nc_ohc=jZizbnfh76cAX_GtalB&oh=ef0a627f885bfb240b7928c7ddcdba6a&oe=5F9624C8&ig_cache_key=MjE3MjA1MDEyMTA0Mzc1NTU2OA%3D%3D.2,backpack,48
https://instagram.fcta1-1.fna.fbcdn.net/v/t51.2885-15/sh0.08/e35/s640x640/71532816_1022096711471659_2740713240200709826_n.jpg?_nc_ht=instagram.fcta1-1.fna.fbcdn.net&_nc_cat=107&_nc_ohc=wFR7k2eEhCsAX-7JMlJ&oh=28985ee0b44d9edf59ab6fee5782bece&oe=5F92D0E3&ig_cache_key=MjE2MjQ4MTMxMDg5MjAxNTQ3MQ%3D%3D.2,person,48
https://instagram.fcta1-1.fna.fbcdn.net/v/t51.2885-15/sh0.08/e35/s640x640/75312601_760101964430517_4145774175070167141_n.jpg?_nc_ht=instagram.fcta1-1.fna.fbcdn.net&_nc_cat=109&_nc_ohc=jZizbnfh76cAX_GtalB&oh=ef0a627f885bfb240b7928c7ddcdba6a&oe=5F9624C8&ig_cache_key=MjE3MjA1MDEyMTA0Mzc1NTU2OA%3D%3D.2,person,48
https://instagram.fcta1-1.fna.fbcdn.net/v/t51.2885-15/sh0.08/e35/p640x640/107556032_281624296509093_1868564335870681974_n.jpg?_nc_ht=instagram.fcta1-1.fna.fbcdn.net&_nc_cat=109&_nc_ohc=I_qHzOL6vtIAX_z7l9v&oh=fc172874e75b49afcc5dda2c00d6a84e&oe=5F9374AB&ig_cache_key=MjM1MzA5MDA1Mjc1NTY5MTQ1OA%3D%3D.2,person,49
https://instagram.fcta1-1.fna.fbcdn.net/v/t51.2885-15/sh0.08/e35/s640x640/88290608_2605869693072325_1570646545683542660_n.jpg?_nc_ht=instagram.fcta1-1.fna.fbcdn.net&_nc_cat=101&_nc_ohc=IEN4YPdt_-oAX-25FIM&oh=8ef80cea8bce778972b2ec9c3d0f5964&oe=5F9447EB&ig_cache_key=MjI1ODE4OTYzNjM3NjEyOTg1OA%3D%3D.2,person,53
https://instagram.fcta1-1.fna.fbcdn.net/v/t51.2885-15/sh0.08/e35/s640x640/91342589_2592287127538235_2056241294060551519_n.jpg?_nc_ht=instagram.fcta1-1.fna.fbcdn.net&_nc_cat=111&_nc_ohc=33RrAAzcYsgAX_yItf8&oh=6f74b6483abd5906b63fac4c90b3d09a&oe=5F949B4D&ig_cache_key=MjI3NzA4NTIwMjMyNzE4NDU5OQ%3D%3D.2,microwave,53
https://instagram.fcta1-1.fna.fbcdn.net/v/t51.2885-15/sh0.08/e35/s640x640/91342589_2592287127538235_2056241294060551519_n.jpg?_nc_ht=instagram.fcta1-1.fna.fbcdn.net&_nc_cat=111&_nc_ohc=33RrAAzcYsgAX_yItf8&oh=6f74b6483abd5906b63fac4c90b3d09a&oe=5F949B4D&ig_cache_key=MjI3NzA4NTIwMjMyNzE4NDU5OQ%3D%3D.2,person,53
https://instagram.fcta1-1.fna.fbcdn.net/v/t51.2885-15/sh0.08/e35/s640x640/91342589_2592287127538235_2056241294060551519_n.jpg?_nc_ht=instagram.fcta1-1.fna.fbcdn.net&_nc_cat=111&_nc_ohc=33RrAAzcYsgAX_yItf8&oh=6f74b6483abd5906b63fac4c90b3d09a&oe=5F949B4D&ig_cache_key=MjI3NzA4NTIwMjMyNzE4NDU5OQ%3D%3D.2,oven,53
https://instagram.fcta1-1.fna.fbcdn.net/v/t51.2885-15/sh0.08/e35/s640x640/117392287_1286432251688336_6038008851339249040_n.jpg?_nc_ht=instagram.fcta1-1.fna.fbcdn.net&_nc_cat=108&_nc_ohc=JCUgKpqz_bMAX98nKmm&oh=a8b7fe05d39305cb470fc1255ff242cc&oe=5F92F9DD&ig_cache_key=MjM3MzMyMjYyNTE1MDYzMDg3OA%3D%3D.2,person,56
https://instagram.fcta1-1.fna.fbcdn.net/v/t51.2885-15/sh0.08/e35/p640x640/109835041_3205878766145319_5778230074879049929_n.jpg?_nc_ht=instagram.fcta1-1.fna.fbcdn.net&_nc_cat=103&_nc_ohc=kd7Gznr9UZYAX-Hh_5L&oh=bc3549fef8bdff1307289087cee45b44&oe=5F958E30&ig_cache_key=MjM1NzYwNDQxOTAxODc5OTU5Mg%3D%3D.2,person,59
https://instagram.fcta1-1.fna.fbcdn.net/v/t51.2885-15/sh0.08/e35/p640x640/116017109_292736325302488_8855259423615653092_n.jpg?_nc_ht=instagram.fcta1-1.fna.fbcdn.net&_nc_cat=104&_nc_ohc=NOcpF6lisEYAX-3T0Kn&oh=849e9db51f03662d578f6e40ed56b855&oe=5F965CB3&ig_cache_key=MjM2NDA1OTM5MDcxNTMxMjQyMw%3D%3D.2,person,59
https://instagram.fcta1-1.fna.fbcdn.net/v/t51.2885-15/sh0.08/e35/p640x640/116017109_292736325302488_8855259423615653092_n.jpg?_nc_ht=instagram.fcta1-1.fna.fbcdn.net&_nc_cat=104&_nc_ohc=NOcpF6lisEYAX-3T0Kn&oh=849e9db51f03662d578f6e40ed56b855&oe=5F965CB3&ig_cache_key=MjM2NDA1OTM5MDcxNTMxMjQyMw%3D%3D.2,boat,59
https://instagram.fcta1-1.fna.fbcdn.net/v/t51.2885-15/sh0.08/e35/p640x640/81876365_592118304958169_5167388379658750822_n.jpg?_nc_ht=instagram.fcta1-1.fna.fbcdn.net&_nc_cat=105&_nc_ohc=kPRTFTJqPtQAX95wAxY&oh=06f5febcee08cc19e192f78f7f9cc3c1&oe=5F9527F3&ig_cache_key=MjIyMjY2MjI1MTc5ODc3NDM2Mw%3D%3D.2,person,60
https://instagram.fcta1-1.fna.fbcdn.net/v/t51.2885-15/sh0.08/e35/p640x640/118043578_2795967133969270_6863941962211680138_n.jpg?_nc_ht=instagram.fcta1-1.fna.fbcdn.net&_nc_cat=110&_nc_ohc=Zm_ExffwUi8AX8gCzmJ&oh=1f511221b68d679da4bc34f33a1b7a92&oe=5F9628F8&ig_cache_key=MjM3Nzc5Nzk3MDQ3ODQ2MTUyNg%3D%3D.2,person,62
https://instagram.fcta1-1.fna.fbcdn.net/v/t51.2885-15/sh0.08/e35/p640x640/72792612_2627857290819583_1987894772757959910_n.jpg?_nc_ht=instagram.fcta1-1.fna.fbcdn.net&_nc_cat=107&_nc_ohc=onm_b0PObnkAX_Lpv-s&oh=9c1e7d500125a795da8ea7b100cef75d&oe=5F9488AD&ig_cache_key=MjM0NTIzODQ4Mjg5NDUwMDYzNw%3D%3D.2,person,62
